Source,Primer/Probe Name,Target Gene,Sequence,Length,Genomic Region
"China CDC, China",Forward (F),ORF1ab,CCCTGTGGGTTTTACACTTAA,21,"13,342–13,362"
"China CDC, China",Reverse (R),ORF1ab,ACGATTGTGCATCAGCTGA,19,"13,442–13,460"
"China CDC, China",Fluorescence probe (P),ORF1ab,CCGTCTGCGGTATGTGGAAAGGTTATGG,28,"13,377–13,404"
"China CDC, China",Forward (F),N,GGGGAACTTCTCCTGCTAGAAT,22,"28,881–28,902"
"China CDC, China",Reverse (R),N,CAGACATTTTGCTCTCAAGCTG,22,"28,958–28,979"
"China CDC, China",Fluorescence probe (P),N,TTGCTGCTGCTTGACAGATT,20,"28,934–28,953"
"Institut Pasteur, France",nCoV_IP2-12669Fw,RdRp,ATGAGCTTAGTCCTGTTG,18,"12,690–12,707"
"Institut Pasteur, France",nCoV_IP2-12759Rv,RdRp,CTCCCTTTGTTGTGTTGT,18,"12,780–12,797"
"Institut Pasteur, France",nCoV_IP2-12696bProbe(+),RdRp,ATGTCTTGTGCTGCCGGTA,19,"12,719–12,737"
"Institut Pasteur, France",nCoV_IP4-14059Fw,RdRp,GGTAACTGGTATGATTTCG,19,"14,080–14,098"
"Institut Pasteur, France",nCoV_IP4-14146Rv,RdRp,CTGGTCAAGGTTAATATAGG,20,"14,167–14,186"
"Institut Pasteur, France",nCoV_IP4-14084Probe(+),RdRp,TCATACAAACCACGCCAGG,19,"14,105–14,123"
"Institut Pasteur, France",E_Sarbeco_F1,E,ACAGGTACGTTAATAGTTAATAGCGT,26,"26,269–26,294"
"Institut Pasteur, France",E_Sar beco_R2,E,ATATTGCAGCAGTACGCACACA,22,"26,360–26,381"
"Institut Pasteur, France",E_Sarbeco_P1,E,ACACTAGCCATCCTTACTGCGCTTCG,26,"26,332–26,357"
"US CDC, USA",2019-nCoV_N1-F,ORF9b,GACCCCAAAATCAGCGAAAT,20,"28,287–28,306"
"US CDC, USA",2019-nCoV_N1-R,ORF9b,TCTGGTTACTGCCAGTTGAATCTG,24,"28,335–28,358"
"US CDC, USA",2019-nCoV_N1-P,ORF9b,ACCCCGCATTACGTTTGGTGGACC,24,"28,309–28,332"
"US CDC, USA",2019-nCoV_N2-F,ORF9b,TTACAAACATTGGCCGCAAA,20,"29,164–29,183"
"US CDC, USA",2019-nCoV_N2-R,ORF9b,GCGCGACATTCCGAAGAA,18,"29,213–29,230"
"US CDC, USA",2019-nCoV_N2-P,ORF9b,ACAATTTGCCCCCAGCGCTTCAG,23,"29,188–29,210"
"US CDC, USA",2019-nCoV_N3-F,ORF9b,GGGAGCCTTGAATACACCAAAA,22,"28,681–28,702"
"US CDC, USA",2019-nCoV_N3-R,ORF9b,TGTAGCACGATTGCAGCATTG,21,"28,732–28,752"
"US CDC, USA",2019-nCoV_N3-P,ORF9b,ATCACATTGGCACCCGCAATCCTG,24,"28,704–28,727"
"National Institute of Infectious Diseases, Japan",NIID_2019-nCOV_N_F2,N,AAATTTTGGGGACCAGGAAC,20,"29,142–29,161"
"National Institute of Infectious Diseases, Japan",NIID_2019-nCOV_N_R2,N,TGGCAGCTGTGTAGGTCAAC,20,"29,280–29,299"
"National Institute of Infectious Diseases, Japan",NIID_2019-nCOV_N_P2,N,ATGTCGCGCATTGGCATGGA,20,"29,239–29,258"
"Charité, Germany",RdRP_SARSr-F2,RdRp,GTGAAATGGTCATGTGTGGCGG,22,"15,431–15,452"
"Charité, Germany",RdRP_SARSr-R1,RdRp,CAAATGTTAAAAACACTATTAGCATA,26,"15,505–15,530"
"Charité, Germany",RdRP_SARSr-P2,RdRp,CAGGTGGAACCTCATCAGGAGATGC,25,"15,470–15,494"
"Charité, Germany",E_Sarbeco_F1,E,ACAGGTACGTTAATAGTTAATAGCGT,26,"26,269–26,294"
"Charité, Germany",E_Sarbeco_R2,E,ATATTGCAGCAGTACGCACACA,22,"26,360–26,381"
"Charité, Germany",E_Sarbeco_P1,E,ACACTAGCCATCCTTACTGCGCTTCG,26,"26,332–26,357"
"HKU, HongKong SAR",HKU-ORF1b-nsp14F,ORF1b,TGGGGTTTTACAGGTAACCT,20,"18,778–18,797"
"HKU, HongKong SAR",HKU-ORF1b-nsp14R,ORF1b,AACACGCTTAACAAAGCACTC,21,"18,889–18,909"
"HKU, HongKong SAR",HKU-ORF1b-nsp141P,ORF1b,TAGTTGTGATGCAATCATGACTAG,24,"18,849–18,872"
"HKU, HongKong SAR",HKU-NF,N,TAATCAGACAAGGAACTGATTA,22,"29,145–29,166"
"HKU, HongKong SAR",HKU-NR,N,CGAAGGTGTGACTTCCATG,19,"29,236–29,254"
"HKU, HongKong SAR",HKU-NP,N,GCAAATTGTGCAATTTGCGG,20,"29,177–29,196"
"National Institute of Health, Thailand",WH-NICN-F,ORF9b,CGTTTGGTGGACCCTCAGAT,20,"28,320–28,339"
"National Institute of Health, Thailand",WH-NICN-R,ORF9b,CCCCACTGCGTTCTCCATT,19,"28,358–28,376"
"National Institute of Health, Thailand",WH-NICN-P,ORF9b,CAACTGGCAGTAACCA,16,"28,341–28,356"
